{"size": 0.7632140000000001, "centroid": [0.00034200000000000896, 0.07354350000000001, -0.042344999999999994]}