{"size": 0.7217450000000001, "centroid": [-0.0004554999999999976, 0.0848325, -0.009840500000000002]}