{"size": 0.696999, "centroid": [0.003102500000000008, -0.0420065, -0.004987499999999978]}