{"size": 0.708625, "centroid": [0.004084499999999991, -0.2531695, -0.0884695]}